Número do vídeo;Data de Publicação;Tipo do vídeo;Tipo do vídeo em inglês;Visualizações;Dia da Semana;Horário de Publicação;Data de publicação;Tipo do vídeo (inglês);Horário de publicação
1;16/06/2026;Música e Chuva;Deep Sleep Music and Rain;602;Terça-Feira;19:00:00;;;
2;17/06/2026;Música para Estudos;Music for Studing and Focus;453;Quarta-Feira;19:00:00;;;
3;18/06/2026;Pássaros e Música;Birdsong and Relaxing Music;59;Quinta-Feira;19:00:00;;;
4;19/06/2026;Rio e Música para Meditação;River Sound and Meditation Music;34;Sexta-Feira;19:00:00;;;
5;20/06/2026;Música para Relaxar do Estresse;Stress Relief Music;35;Sábado;19:00:00;;;
6;21/06/2026;Pôr do Sol;Sunset;28;Domingo;19:00:00;;;
7;22/06/2026;Amanhecer na Floresta;Morning Relaxation Music;21;Segunda-Feira;19:00:00;;;
8;23/06/2026;Chuva e Música Profunda;Rain and Deep Music;23;Terça-Feira;19:00:00;;;
9;24/06/2026;Lago;Peaceful Lake;25;Quarta-Feira;19:00:00;;;
10;25/06/2026;Música para Meditação;Meditation Music;32;Quinta-Feira;19:00:00;;;
11;26/06/2026;Ondas do Oceano;Ocean Waves;35;Sexta-Feira;19:00:00;;;
12;27/06/2026;Floresta durante a noite;Night Forest Ambience;27;Sábado;19:00:00;;;
13;28/06/2026;Sons de Cachoeira;Waterfall Sounds;26;Domingo;19:00:00;;;
14;29/06/2026;Música para Leitura e Concentração;Music for Reading and Concentration;13;Segunda-Feira;19:00:00;;;
15;30/06/2026;Canto dos Pássaros de Manhã;Morning Birdsong;38;Terça-Feira;19:00:00;;;
16;01/07/2026;Música para Estudos e Trabalho;Music for Studing and Working;11;Quarta-Feira;19:00:00;;;
17;02/07/2026;Amanhecer nas Montanhas;Sunrise Montain;11;Quinta-Feira;19:00:00;;;
18;03/07/2026;Música Terapêutica;Healing Music;9;Sexta-Feira;19:00:00;;;
19;04/07/2026;Chuva na Janela;Rainy Window;9;Sábado;19:00:00;;;
20;05/07/2026;Jardim Tranquilo;Peaceful Garden;14;Domingo;19:00:00;;;
21;06/07/2026;Filhotes;Cute Baby Animals;12;Segunda-Feira;19:00:00;;;
22;07/07/2026;Paisagens de Verão;Summer Ambience;12;Terça-Feira;19:00:00;;;
23;08/07/2026;Paisagens de Outono;Autumn Ambience;10;Quarta-Feira;19:00:00;;;
24;09/07/2026;Paisagens de Primavera;Spring Ambience;8;Quinta-Feira;19:00:00;;;
25;10/07/2026;Paisagens de Inverno;Winter Ambience;5;Sexta-Feira;19:00:00;;;
26;11/07/2026;Animais Selvagens;Wild Animals;9;Sábado;19:00:00;;;
27;12/07/2026;Fazenda;Farm Landscapes;14;Domingo;19:00:00;;;
28;13/07/2026;Música para Meditação;Calm Music for Focus;6;Segunda-Feira;19:00:00;;;
29;14/07/2026;Música 888hz;888hz Abundance Music;11;Terça-Feira;19:00:00;;;
30;15/07/2026;Música para Meditação;Meditation Music;2;Quarta-Feira;19:00:00;;;
31;16/07/2026;Música para Estudos;Studing Music;4;Quinta-Feira;19:00:00;;;
32;17/07/2026;Música e Chuva;Deep Sleep Music and Rain;8;Sexta-Feira;19:00:00;;;
33;18/07/2026;Sons da Natureza para Dormir;Nature Sounds for Sleep;3;Sábado;19:00:00;;;
34;19/07/2026;Música para Relaxar do Estresse;Stress Relief Music;9;Domingo;19:00:00;;;
35;20/07/2026;Música para Meditação;Meditation Music;2;Segunda-Feira;19:00:00;;;
36;25/07/2026;Pássaros e Música;Birdsong and Relaxing Music;7;Sábado;19:00:00;;;
37;28/07/2026;Paisagens do Oceano;Ocean Landscapes;11;Terça-Feira;19:00:00;;;
38;31/07/2026;Chuva, Pássaros e Música;Rain, Bird and Music;15;Sexta-Feira;19:00:00;;;
39;04/08/2026;Música para Aliviar o Estresse;Stress Relief Music;5;Terça-Feira;19:00:00;;;
40;05/08/2026;Música para Leitura e Concentração;Focus Music;8;Quarta-Feira;19:00:00;;;
41;20/08/2026;Música para Sono Profundo;Deep Sleep Music and Rain;3;Quinta-Feira;19:00:00;;;
42;21/08/2026;Flores;Flowers;10;Sexta-Feira;19:00:00;;;
43;26/08/2026;Sons da Natureza;Nature Sounds;6;Quarta-Feira;19:00:00;;;
44;31/08/2026;Música com Sons Graves;Bass Music;6;Segunda-Feira;19:00:00;;;
45;08/09/2026;Floresta ao amanhecer;Misty Forest;8;Terça-Feira;19:00:00;;;
46;11/09/2026;Sons de Chuva;Rain Sounds;5;Sexta-Feira;19:00:00;;;
47;18/09/2026;Pôr do Sol na Praia;Beach Sunset;13;Sexta-Feira;19:00:00;;;
48;21/09/2026;Música para Estudos e Chuva;Study Music and Rain;32;Segunda-Feira;18:00:00;;;
49;27/09/2026;Música para Meditação e Dormir;Meditation and Sleep Music ;55;Domingo;17:30:00;;;

